<?xml version="1.0" encoding="UTF-8"?>
<?xfa generator="XFA2_4" APIVersion="2.8.8241.0"?>
<xdp:xdp xmlns:xdp="http://ns.adobe.com/xdp/">
 <xfa:datasets xmlns:xfa="http://www.xfa.org/schema/xfa-data/1.0/">
  <xfa:data>
   {0}
   <FSTEMPLATE_>{1}</FSTEMPLATE_>
   <FSFORMQUERY_>{1}</FSFORMQUERY_>
   <FSTRANSFORMATIONID_>Guide</FSTRANSFORMATIONID_>
   <FSTARGETURL_>{2}</FSTARGETURL_>
   <FSAWR_>{3}/formcenter</FSAWR_>
   <FSWR_>{3}/FormServer</FSWR_>
   <FSCRURI_>{4}</FSCRURI_>
   <FSBASEURL_>{3}/formcenter</FSBASEURL_>
  </xfa:data>
 </xfa:datasets>
</xdp:xdp>